{
  "version": 1,
  "author": "Uri Shaked",
  "editor": "wokwi",
  "parts": [
    { "type": "wokwi-breadboard", "id": "bb1", "top": 208.2, "left": -458, "attrs": {} },
    {
      "type": "board-esp32-devkit-c-v4",
      "id": "esp",
      "top": 391.94,
      "left": -197.9,
      "rotate": 270,
      "attrs": { "env": "micropython-20231005-v1.21.0" }
    },
    {
      "type": "wokwi-a4988",
      "id": "drv1",
      "top": 273.8,
      "left": -196.4,
      "rotate": 270,
      "attrs": {}
    },
    {
      "type": "wokwi-stepper-motor",
      "id": "stepper1",
      "top": 13.21,
      "left": -249.17,
      "attrs": { "size": "17", "arrow": "black" }
    },
    {
      "type": "board-ssd1306",
      "id": "oled1",
      "top": 435.14,
      "left": -393.37,
      "attrs": { "i2cAddress": "0x3c" }
    }
  ],
  "connections": [
    [ "esp:TX", "$serialMonitor:RX", "", [] ],
    [ "esp:RX", "$serialMonitor:TX", "", [] ],
    [ "drv1:VMOT", "bb1:tp.20", "red", [ "v0" ] ],
    [ "drv1:GND.2", "bb1:tn.20", "black", [ "v0" ] ],
    [ "drv1:VDD", "bb1:bp.29", "red", [ "v0" ] ],
    [ "drv1:GND.1", "bb1:bn.28", "black", [ "h0" ] ],
    [ "bb1:30b.h", "bb1:29b.h", "green", [ "v0" ] ],
    [ "esp:5V", "bb1:bp.16", "red", [ "v0" ] ],
    [ "esp:CMD", "bb1:bn.17", "black", [ "v0" ] ],
    [ "esp:D2", "bb1:32b.h", "green", [ "v0" ] ],
    [ "esp:13", "bb1:31b.h", "cyan", [ "v0" ] ],
    [ "stepper1:A-", "bb1:27t.a", "orange", [ "v0" ] ],
    [ "stepper1:A+", "bb1:28t.a", "purple", [ "v0" ] ],
    [ "stepper1:B+", "bb1:29t.a", "cyan", [ "v0" ] ],
    [ "stepper1:B-", "bb1:30t.a", "blue", [ "v0" ] ],
    [ "drv1:ENABLE", "esp:GND.1", "violet", [ "v0" ] ],
    [ "drv1:DIR", "esp:19", "green", [ "v0" ] ],
    [ "drv1:STEP", "esp:18", "green", [ "v0" ] ],
    [ "drv1:RESET", "drv1:SLEEP", "green", [ "v0" ] ],
    [ "drv1:ENABLE", "bb1:25b.g", "", [ "$bb" ] ],
    [ "drv1:MS1", "bb1:26b.g", "", [ "$bb" ] ],
    [ "drv1:MS2", "bb1:27b.g", "", [ "$bb" ] ],
    [ "drv1:MS3", "bb1:28b.g", "", [ "$bb" ] ],
    [ "drv1:RESET", "bb1:29b.g", "", [ "$bb" ] ],
    [ "drv1:SLEEP", "bb1:30b.g", "", [ "$bb" ] ],
    [ "drv1:STEP", "bb1:31b.g", "", [ "$bb" ] ],
    [ "drv1:DIR", "bb1:32b.g", "", [ "$bb" ] ],
    [ "drv1:GND.1", "bb1:32t.d", "", [ "$bb" ] ],
    [ "drv1:VDD", "bb1:31t.d", "", [ "$bb" ] ],
    [ "drv1:1B", "bb1:30t.d", "", [ "$bb" ] ],
    [ "drv1:1A", "bb1:29t.d", "", [ "$bb" ] ],
    [ "drv1:2A", "bb1:28t.d", "", [ "$bb" ] ],
    [ "drv1:2B", "bb1:27t.d", "", [ "$bb" ] ],
    [ "drv1:GND.2", "bb1:26t.d", "", [ "$bb" ] ],
    [ "drv1:VMOT", "bb1:25t.d", "", [ "$bb" ] ],
    [ "oled1:SDA", "esp:21", "green", [ "v0" ] ],
    [ "oled1:SCL", "esp:22", "gold", [ "v0" ] ],
    [ "esp:3V3", "oled1:VCC", "blue", [ "v0" ] ],
    [ "esp:GND.2", "oled1:GND", "gray", [ "v0" ] ]
  ],
  "dependencies": {}
}